,task0,task1,task2,task3,task4,task5,task6,task7,task8
after_task0,0.9286,0.0000,0.0000,0.0000,0.0000,0.0000,0.0000,0.0000,0.0000
after_task1,0.8800,0.8943,0.0000,0.0000,0.0000,0.0000,0.0000,0.0000,0.0000
after_task2,0.8429,0.8657,0.8400,0.0000,0.0000,0.0000,0.0000,0.0000,0.0000
after_task3,0.8200,0.7743,0.8343,0.7943,0.0000,0.0000,0.0000,0.0000,0.0000
after_task4,0.8143,0.6714,0.8343,0.7743,0.8029,0.0000,0.0000,0.0000,0.0000
after_task5,0.7629,0.5000,0.8000,0.7343,0.7914,0.8771,0.0000,0.0000,0.0000
after_task6,0.7057,0.3743,0.7400,0.6571,0.7486,0.8686,0.9257,0.0000,0.0000
after_task7,0.6000,0.3171,0.6543,0.5171,0.6914,0.7743,0.8943,0.8371,0.0000
after_task8,0.4314,0.2429,0.5429,0.4486,0.6771,0.6857,0.8600,0.8229,0.8086
